Marca,Linha,Modelo,Cor,Memória interna,Memória RAM,Modelo do processador,Tamanho da tela,Resolução da câmera traseira principal,Resolução da câmera frontal principal,Rede móvel,Ano de lançamento,url_produto
Samsung,Galaxy,Galaxy A17,Light blue,128 GB,4 GB,Helio G99 (MT6789V/CD) 6nm,"6,7 """,50 Mpx,13 Mpx,4G/LTE,2025,https://www.mercadolivre.com.br/celular-samsung-galaxy-a17-com-ia-128gb-4gb-ram-cam-de-50mp-tela-de-67-nfc-ip54-azul/p/MLB54986607?pdp_filters=deal%3AMLB1536253-2#polycard_client=splinter&c_element_order=7&deal_print_id=66f203c0-a47d-11f1-b481-7d7d89bacf6e&L=grandes-ofertas&type=product&c_tracking_id=66f203c0-a47d-11f1-b481-7d7d89bacf6e&c_uid=4649323b-df7e-39d6-bfa2-a0b6b8885ea1&V=7&c_campaign=grandes-ofertas&c_id=%2Fsplinter%2Fcarouseldynamicitem&position=7&c_label=%2Fsplinter%2Fcarouseldynamicitem&c_container_id=MLB1536253-1&c_global_position=7&c_element_id=4649323b-df7e-39d6-bfa2-a0b6b8885ea1&wid=MLB4217282117&sid=splinter
Samsung,Galaxy A07,A07,Verde,128 GB,4 GB,MediaTek Helio G99 (6nm),"6,7 """,50 Mpx,8 Mpx,4G/LTE,2025,https://www.mercadolivre.com.br/samsung-galaxy-a07/p/MLB55027908?pdp_filters=deal%3AMLB1536253-2#polycard_client=splinter&c_element_order=13&deal_print_id=66f203c0-a47d-11f1-b481-7d7d89bacf6e&L=grandes-ofertas&type=product&c_tracking_id=66f203c0-a47d-11f1-b481-7d7d89bacf6e&c_uid=344a1ecf-c02d-33a9-84a0-d6e9b325d8cb&V=13&c_campaign=grandes-ofertas&c_id=%2Fsplinter%2Fcarouseldynamicitem&position=13&c_label=%2Fsplinter%2Fcarouseldynamicitem&c_container_id=MLB1536253-1&c_global_position=7&c_element_id=344a1ecf-c02d-33a9-84a0-d6e9b325d8cb&wid=MLB4276106547&sid=splinter
Motorola,Edge,Edge 60 PRO,Cinza,512 GB,12 GB,Mediatek Dimensity 8350,"6,7 """,50 Mpx,50 Mpx,5G,N/A,https://www.mercadolivre.com.br/smartphone-motorola-edge-60-pro-5g-512gb-12gb-ram12gb-ram-boost-tela-quad-curve-moto-ai-50mp-sony-camera-ultrarresistencia-militar-ip68-ip69-cinza/p/MLB48998798?pdp_filters=deal%3AMLB1536253-2#polycard_client=splinter&c_element_order=16&deal_print_id=66f203c0-a47d-11f1-b481-7d7d89bacf6e&L=grandes-ofertas&type=product&c_tracking_id=66f203c0-a47d-11f1-b481-7d7d89bacf6e&c_uid=4ed1968d-1f57-3578-a385-6ebd16bb4c30&V=16&c_campaign=grandes-ofertas&c_id=%2Fsplinter%2Fcarouseldynamicitem&position=16&c_label=%2Fsplinter%2Fcarouseldynamicitem&c_container_id=MLB1536253-1&c_global_position=7&c_element_id=4ed1968d-1f57-3578-a385-6ebd16bb4c30&wid=MLB5389690592&sid=splinter
Motorola,Edge,Edge 70 5G,Bronze Green,512 GB,12 GB,Snapdragon® 7 Gen 4,"6,7 """,50 Mpx,50 Mpx,5G,N/A,https://www.mercadolivre.com.br/smartphone-motorola-edge-70-5g-512gb-24gb-12gb-ram12gb-ram-boost-ultrafino-3-cameras-50mp-tela-15k-extreme-amoled-120hz-bronze-green/p/MLB65919768?pdp_filters=deal%3AMLB1536253-2#polycard_client=splinter&c_element_order=11&deal_print_id=66f203c0-a47d-11f1-b481-7d7d89bacf6e&L=grandes-ofertas&type=product&c_tracking_id=66f203c0-a47d-11f1-b481-7d7d89bacf6e&c_uid=7cb73a93-af49-3d50-90fb-a41fa0cae16e&V=11&c_campaign=grandes-ofertas&c_id=%2Fsplinter%2Fcarouseldynamicitem&position=11&c_label=%2Fsplinter%2Fcarouseldynamicitem&c_container_id=MLB1536253-1&c_global_position=7&c_element_id=7cb73a93-af49-3d50-90fb-a41fa0cae16e&wid=MLB6372108750&sid=splinter
Motorola,Moto G,Moto G17,Azul,256 GB,4 GB,MediaTek Helio G81 Extreme,"6,7 """,50 Mpx,50 Mpx,4G/LTE,2026,https://www.mercadolivre.com.br/smartphone-motorola-moto-g17-4g-256gb-12gb-4gb-ram-8gb-ram-boost-camera-50mp-sony-lytia-600-tela-fhd-60hz-bateria-5200-mah-azul/p/MLB65041663?pdp_filters=deal%3AMLB1536253-2#polycard_client=splinter&c_element_order=8&deal_print_id=66f203c0-a47d-11f1-b481-7d7d89bacf6e&L=grandes-ofertas&type=product&c_tracking_id=66f203c0-a47d-11f1-b481-7d7d89bacf6e&c_uid=8bec5446-dc04-3a6b-87b6-6ddbaf842bbc&V=8&c_campaign=grandes-ofertas&c_id=%2Fsplinter%2Fcarouseldynamicitem&position=8&c_label=%2Fsplinter%2Fcarouseldynamicitem&c_container_id=MLB1536253-1&c_global_position=7&c_element_id=8bec5446-dc04-3a6b-87b6-6ddbaf842bbc&wid=MLB6420523862&sid=splinter
Motorola,Moto G,Moto G35 5G,Coral,256 GB,4 GB,Unisoc T760,"6,7 """,50 Mpx,16 Mpx,5G,N/A,https://www.mercadolivre.com.br/smartphone-motorola-moto-g35-5g-256gb-4gb-ram8gb-ram-boost-e-camera-50mp-com-ai-nfc-tela-67-com-superbrilho-coral-vegan-leather/p/MLB41540860?pdp_filters=deal%3AMLB1536253-2#polycard_client=splinter&c_element_order=4&deal_print_id=66f203c0-a47d-11f1-b481-7d7d89bacf6e&L=grandes-ofertas&type=product&c_tracking_id=66f203c0-a47d-11f1-b481-7d7d89bacf6e&c_uid=5ef90f13-dce0-3dfd-9707-053a95dc6e2b&V=4&c_campaign=grandes-ofertas&c_id=%2Fsplinter%2Fcarouseldynamicitem&position=4&c_label=%2Fsplinter%2Fcarouseldynamicitem&c_container_id=MLB1536253-1&c_global_position=7&c_element_id=5ef90f13-dce0-3dfd-9707-053a95dc6e2b&wid=MLB3904300435&sid=splinter
Samsung,Galaxy S,Galaxy S25 FE,JetBlack,128 GB,8 GB,Exynos 2400,"6,7 """,50 Mpx,12 Mpx,5G,2025,https://www.mercadolivre.com.br/celular-samsung-galaxy-s25-fe-5g-128gb-8gb-ram-camera-tripla-de-50128-tela-grande-de-67-jetblack/p/MLB61692896?pdp_filters=deal%3AMLB1536253-2#polycard_client=splinter&c_element_order=17&deal_print_id=66f203c0-a47d-11f1-b481-7d7d89bacf6e&L=grandes-ofertas&type=product&c_tracking_id=66f203c0-a47d-11f1-b481-7d7d89bacf6e&c_uid=a35672e6-dffd-3a17-b174-757c3f128cb9&V=17&c_campaign=grandes-ofertas&c_id=%2Fsplinter%2Fcarouseldynamicitem&position=17&c_label=%2Fsplinter%2Fcarouseldynamicitem&c_container_id=MLB1536253-1&c_global_position=7&c_element_id=a35672e6-dffd-3a17-b174-757c3f128cb9&wid=MLB6087231690&sid=splinter
Motorola,Moto G,G86,Vermelho,256 GB,8 GB,Dimensity 7300,"6,7 """,50 Mpx,32 Mpx,4G/5G,N/A,https://www.mercadolivre.com.br/smartphone-motorola-moto-g86-5g-256gb-24gb-8gb-ram16gb-ram-boost-tela-15k-poled-50mp-sony-camera-ois-moto-ai-videos-em-4k-ip68-ip69-vermelho/p/MLB51340616?pdp_filters=deal%3AMLB1536253-2#polycard_client=splinter&c_element_order=9&deal_print_id=66f203c0-a47d-11f1-b481-7d7d89bacf6e&L=grandes-ofertas&type=product&c_tracking_id=66f203c0-a47d-11f1-b481-7d7d89bacf6e&c_uid=4c3ca21d-7fc6-3c8d-a502-901bdf97bcf8&V=9&c_campaign=grandes-ofertas&c_id=%2Fsplinter%2Fcarouseldynamicitem&position=9&c_label=%2Fsplinter%2Fcarouseldynamicitem&c_container_id=MLB1536253-1&c_global_position=7&c_element_id=4c3ca21d-7fc6-3c8d-a502-901bdf97bcf8&wid=MLB5462013472&sid=splinter
Motorola,Moto G,Moto G17,Azul,128 GB,4 GB,MediaTek Helio G81 Extreme,"6,7 """,50 Mpx,50 Mpx,4G/LTE,2026,https://www.mercadolivre.com.br/smartphone-motorola-moto-g17-4g-128gb-12gb-4gb-ram-8gb-ram-boost-camera-50mp-sony-lytia-600-tela-fhd-60hz-bateria-5200-mah-azul/p/MLB65041642?pdp_filters=deal%3AMLB1536253-2#polycard_client=splinter&c_element_order=10&deal_print_id=66f203c0-a47d-11f1-b481-7d7d89bacf6e&L=grandes-ofertas&type=product&c_tracking_id=66f203c0-a47d-11f1-b481-7d7d89bacf6e&c_uid=2b71723e-58d1-3795-8bea-6bf8495569a0&V=10&c_campaign=grandes-ofertas&c_id=%2Fsplinter%2Fcarouseldynamicitem&position=10&c_label=%2Fsplinter%2Fcarouseldynamicitem&c_container_id=MLB1536253-1&c_global_position=7&c_element_id=2b71723e-58d1-3795-8bea-6bf8495569a0&wid=MLB6420215012&sid=splinter
Motorola,Edge,Edge 70 Fusion FIFA WC EDITION,Azul-marinho,256 GB,8 GB,Snapdragon 7s Gen 3,"6,8 """,50 Mpx,32 Mpx,5G,N/A,https://www.mercadolivre.com.br/smartphone-motorola-edge-70-fusion-5g-fifa-world-cup-collection-256gb-24gb-8gb-ram-16gb-ram-boost-camera-50mp-sony-lytia-710-tela-15k-extreme-amoled-grafite/p/MLB67444410?pdp_filters=deal%3AMLB1536253-2#polycard_client=splinter&c_element_order=2&deal_print_id=66f203c0-a47d-11f1-b481-7d7d89bacf6e&L=grandes-ofertas&type=product&c_tracking_id=66f203c0-a47d-11f1-b481-7d7d89bacf6e&c_uid=bf55b0c4-d33a-3162-8df7-07fdbd02680d&V=2&c_campaign=grandes-ofertas&c_id=%2Fsplinter%2Fcarouseldynamicitem&position=2&c_label=%2Fsplinter%2Fcarouseldynamicitem&c_container_id=MLB1536253-1&c_global_position=7&c_element_id=bf55b0c4-d33a-3162-8df7-07fdbd02680d&wid=MLB6676374114&sid=splinter
Motorola,Motorola Edge,Edge 60 Fusion 5G,Rosa,256 GB,8 GB,Dimensity 7300,"6,7 """,50 Mpx,32 Mpx,5G,N/A,https://www.mercadolivre.com.br/smartphone-motorola-edge-60-fusion-5g-256gb-16gb-8gb-ram8gb-ram-boost-50mp-sony-ai-camera-ip68-nfc-rosa/p/MLB47251829?pdp_filters=deal%3AMLB1536253-2#polycard_client=splinter&c_element_order=12&deal_print_id=66f203c0-a47d-11f1-b481-7d7d89bacf6e&L=grandes-ofertas&type=product&c_tracking_id=66f203c0-a47d-11f1-b481-7d7d89bacf6e&c_uid=cd935c91-874a-340d-92de-d8779c9bb6df&V=12&c_campaign=grandes-ofertas&c_id=%2Fsplinter%2Fcarouseldynamicitem&position=12&c_label=%2Fsplinter%2Fcarouseldynamicitem&c_container_id=MLB1536253-1&c_global_position=7&c_element_id=cd935c91-874a-340d-92de-d8779c9bb6df&wid=MLB4027318137&sid=splinter
Apple,iPhone 17,iPhone 17,Azul-névoa,256 GB,8 GB,A19,"6,3 """,48 Mpx,18 Mpx,5G,2025,https://www.mercadolivre.com.br/iphone-17-256gb-azul-nevoa-distribuidor-autorizado/p/MLB1055308852?pdp_filters=deal%3AMLB1536253-2#polycard_client=splinter&c_element_order=15&deal_print_id=66f203c0-a47d-11f1-b481-7d7d89bacf6e&L=grandes-ofertas&type=product&c_tracking_id=66f203c0-a47d-11f1-b481-7d7d89bacf6e&c_uid=23914ea9-5152-3263-96e1-01fe8ed908b5&V=15&c_campaign=grandes-ofertas&c_id=%2Fsplinter%2Fcarouseldynamicitem&position=15&c_label=%2Fsplinter%2Fcarouseldynamicitem&c_container_id=MLB1536253-1&c_global_position=7&c_element_id=23914ea9-5152-3263-96e1-01fe8ed908b5&wid=MLB6545211990&sid=splinter
Apple,iPhone 16,iPhone 16e,Preto,128 GB,8 GB,N/A,"6,1 """,48 Mpx,N/A,5G,2025,https://www.mercadolivre.com.br/iphone-16e-128-gb-preto-distribuidor-autorizado/p/MLB1046215784?pdp_filters=deal%3AMLB1536253-2#polycard_client=splinter&c_element_order=19&deal_print_id=66f203c0-a47d-11f1-b481-7d7d89bacf6e&L=grandes-ofertas&type=product&c_tracking_id=66f203c0-a47d-11f1-b481-7d7d89bacf6e&c_uid=8260cf1a-c032-358a-97ae-32e66f77ddea&V=19&c_campaign=grandes-ofertas&c_id=%2Fsplinter%2Fcarouseldynamicitem&position=19&c_label=%2Fsplinter%2Fcarouseldynamicitem&c_container_id=MLB1536253-1&c_global_position=7&c_element_id=8260cf1a-c032-358a-97ae-32e66f77ddea&wid=MLB3986439067&sid=splinter
Realme,16 Series,16 5G,Preto,12 GB,256 GB,N/A,"6,57 """,N/A,N/A,5G,N/A,https://www.mercadolivre.com.br/smartphone-celular-realme-16-5g-256gb-12gb-ram-dual-sim-camera-de-50mp-lumacolor-image-espelho-para-selfies-bateria-6550mah-impermeavel-ip69-pro-4200nit-amoled-preto/p/MLB67009767?pdp_filters=deal%3AMLB1536253-2#polycard_client=splinter&c_element_order=3&deal_print_id=66f203c0-a47d-11f1-b481-7d7d89bacf6e&L=grandes-ofertas&type=product&c_tracking_id=66f203c0-a47d-11f1-b481-7d7d89bacf6e&c_uid=247d195d-591b-3ab1-874d-9516e1326858&V=3&c_campaign=grandes-ofertas&c_id=%2Fsplinter%2Fcarouseldynamicitem&position=3&c_label=%2Fsplinter%2Fcarouseldynamicitem&c_container_id=MLB1536253-1&c_global_position=7&c_element_id=247d195d-591b-3ab1-874d-9516e1326858&wid=MLB6801238036&sid=splinter
Motorola,Moto,Moto G06,Bege,256 GB,4 GB,Mediatek Helio G81 Ultra,"6,9 """,50 Mpx,8 Mpx,4G,N/A,https://www.mercadolivre.com.br/smartphone-motorola-moto-g06-256gb-12gb-4gb-ram-8gb-ram-boost-e-camera-50mp-com-ai-bateria-de-5200-mah-tela-69-bege/p/MLB55762063?pdp_filters=deal%3AMLB1536253-2#polycard_client=splinter&c_element_order=6&deal_print_id=66f203c0-a47d-11f1-b481-7d7d89bacf6e&L=grandes-ofertas&type=product&c_tracking_id=66f203c0-a47d-11f1-b481-7d7d89bacf6e&c_uid=4044ca20-8c00-3db3-8415-1b9a360ace94&V=6&c_campaign=grandes-ofertas&c_id=%2Fsplinter%2Fcarouseldynamicitem&position=6&c_label=%2Fsplinter%2Fcarouseldynamicitem&c_container_id=MLB1536253-1&c_global_position=7&c_element_id=4044ca20-8c00-3db3-8415-1b9a360ace94&wid=MLB5765125576&sid=splinter
Motorola,Moto,Moto G06,Laranja,128 GB,4 GB,Mediatek Helio G81 Extreme,"6,88 """,50 Mpx,8 Mpx,4G/LTE,N/A,https://www.mercadolivre.com.br/celular-motorola-moto-g06-128gb-4gb-ram-orange/p/MLB63043381?pdp_filters=deal%3AMLB1536253-2#polycard_client=splinter&c_element_order=5&deal_print_id=66f203c0-a47d-11f1-b481-7d7d89bacf6e&L=grandes-ofertas&type=product&c_tracking_id=66f203c0-a47d-11f1-b481-7d7d89bacf6e&c_uid=7aa6ee14-bb32-3c4b-a06e-0538ad069640&V=5&c_campaign=grandes-ofertas&c_id=%2Fsplinter%2Fcarouseldynamicitem&position=5&c_label=%2Fsplinter%2Fcarouseldynamicitem&c_container_id=MLB1536253-1&c_global_position=7&c_element_id=7aa6ee14-bb32-3c4b-a06e-0538ad069640&wid=MLB5765918882&sid=splinter
Samsung,Galaxy S,S25 Edge 5G,Titânio JetBlack,512 GB,12 GB,Qualcomm Snapdragon 8 Elite,"6,7 """,200 Mpx,12 Mpx,5G,2025,https://www.mercadolivre.com.br/celular-samsung-galaxy-s25-edge-5g-512gb-12gb-ram-camera-dupla-de-ate-200mp-tela-grande-de-67-titanio-jetblack/p/MLB50045630?pdp_filters=deal%3AMLB1536253-2#polycard_client=splinter&c_element_order=14&deal_print_id=66f203c0-a47d-11f1-b481-7d7d89bacf6e&L=grandes-ofertas&type=product&c_tracking_id=66f203c0-a47d-11f1-b481-7d7d89bacf6e&c_uid=acc29f52-d281-3720-8956-27cfb5dd66d3&V=14&c_campaign=grandes-ofertas&c_id=%2Fsplinter%2Fcarouseldynamicitem&position=14&c_label=%2Fsplinter%2Fcarouseldynamicitem&c_container_id=MLB1536253-1&c_global_position=7&c_element_id=acc29f52-d281-3720-8956-27cfb5dd66d3&wid=MLB5642445352&sid=splinter
Motorola,Moto G,Kit Moto G86 256GB,Vermelho,256 GB,8 GB,Dimensity 7300,"6,7 """,50 Mpx,32 Mpx,5G,N/A,https://www.mercadolivre.com.br/smartphone-motorola-moto-g86-5g-moto-buds-256gb-24gb-8gb-ram16gb-ram-boost-tela-15k-poled-50mp-sony-camera-ois-moto-ai-videos-em-4k-ip68-ip69-vermelho/p/MLB51706778?pdp_filters=deal%3AMLB1536253-2#polycard_client=splinter&c_element_order=20&deal_print_id=66f203c0-a47d-11f1-b481-7d7d89bacf6e&L=grandes-ofertas&type=product&c_tracking_id=66f203c0-a47d-11f1-b481-7d7d89bacf6e&c_uid=d12730c2-ccf2-3d50-9e94-3dc504a9b8d9&V=20&c_campaign=grandes-ofertas&c_id=%2Fsplinter%2Fcarouseldynamicitem&position=20&c_label=%2Fsplinter%2Fcarouseldynamicitem&c_container_id=MLB1536253-1&c_global_position=7&c_element_id=d12730c2-ccf2-3d50-9e94-3dc504a9b8d9&wid=MLB5475588564&sid=splinter
Realme,Cseries,RMX5303,Violeta,256 GB,8 GB,N/A,"6,67 """,50 Mpx,5 Mpx,N/A,N/A,https://www.mercadolivre.com.br/celular-smartphone-realme-c73-256gb-8gb-ram-dual-sim-120hz-6-ah-violeta/p/MLB62258511?pdp_filters=deal%3AMLB1536253-2#polycard_client=splinter&c_element_order=18&deal_print_id=66f203c0-a47d-11f1-b481-7d7d89bacf6e&L=grandes-ofertas&type=product&c_tracking_id=66f203c0-a47d-11f1-b481-7d7d89bacf6e&c_uid=6d8059cb-f774-38d7-ae0a-02847efd7f5b&V=18&c_campaign=grandes-ofertas&c_id=%2Fsplinter%2Fcarouseldynamicitem&position=18&c_label=%2Fsplinter%2Fcarouseldynamicitem&c_container_id=MLB1536253-1&c_global_position=7&c_element_id=6d8059cb-f774-38d7-ae0a-02847efd7f5b&wid=MLB4334411855&sid=splinter
