categoria,titulo,preco
Travel,It's Only the Himalayas,£45.17
Travel,Full Moon over Noah’s ...,£49.43
Travel,See America: A Celebration ...,£48.87
Travel,Vagabonding: An Uncommon Guide ...,£36.94
Travel,Under the Tuscan Sun,£37.33
Travel,A Summer In Europe,£44.34
Travel,The Great Railway Bazaar,£30.54
Travel,A Year in Provence ...,£56.88
Travel,The Road to Little ...,£23.21
Travel,Neither Here nor There: ...,£38.95
Travel,"1,000 Places to See ...",£26.08
Mystery,Sharp Objects,£47.82
Mystery,"In a Dark, Dark ...",£19.63
Mystery,The Past Never Ends,£56.50
Mystery,A Murder in Time,£16.64
Mystery,The Murder of Roger ...,£44.10
Mystery,The Last Mile (Amos ...,£54.21
Mystery,That Darkness (Gardiner and ...,£13.92
Mystery,Tastes Like Fear (DI ...,£10.69
Mystery,A Time of Torment ...,£48.35
Mystery,A Study in Scarlet ...,£16.73
Mystery,Poisonous (Max Revere Novels ...,£26.80
Mystery,Murder at the 42nd ...,£54.36
Mystery,Most Wanted,£35.28
Mystery,Hide Away (Eve Duncan ...,£11.84
Mystery,Boar Island (Anna Pigeon ...,£59.48
Mystery,The Widow,£27.26
Mystery,Playing with Fire,£13.71
Mystery,What Happened on Beale ...,£25.37
Mystery,The Bachelor Girl's Guide ...,£52.30
Mystery,Delivering the Truth (Quaker ...,£20.89
Historical Fiction,Tipping the Velvet,£53.74
Historical Fiction,Forever and Forever: The ...,£29.69
Historical Fiction,A Flight of Arrows ...,£55.53
Historical Fiction,The House by the ...,£36.95
Historical Fiction,Mrs. Houdini,£30.25
Historical Fiction,The Marriage of Opposites,£28.08
Historical Fiction,Glory over Everything: Beyond ...,£45.84
Historical Fiction,"Love, Lies and Spies",£20.55
Historical Fiction,A Paris Apartment,£39.01
Historical Fiction,Lilac Girls,£17.28
Historical Fiction,The Constant Princess (The ...,£16.62
Historical Fiction,The Invention of Wings,£37.34
Historical Fiction,World Without End (The ...,£32.97
Historical Fiction,The Passion of Dolssa,£28.32
Historical Fiction,Girl With a Pearl ...,£26.77
Historical Fiction,Voyager (Outlander #3),£21.07
Historical Fiction,The Red Tent,£35.66
Historical Fiction,The Last Painting of ...,£55.55
Historical Fiction,The Guernsey Literary and ...,£49.53
Historical Fiction,Girl in the Blue ...,£46.83
Sequential Art,Scott Pilgrim's Precious Little ...,£52.29
Sequential Art,Tsubasa: WoRLD CHRoNiCLE 2 ...,£16.28
Sequential Art,This One Summer,£19.49
Sequential Art,The Nameless City (The ...,£38.16
Sequential Art,"Saga, Volume 5 (Saga ...",£51.04
Sequential Art,"Rat Queens, Vol. 3: ...",£50.40
Sequential Art,"Princess Jellyfish 2-in-1 Omnibus, ...",£13.61
Sequential Art,"Pop Gun War, Volume ...",£18.97
Sequential Art,Patience,£10.16
Sequential Art,"Outcast, Vol. 1: A ...",£15.44
Sequential Art,orange: The Complete Collection ...,£48.41
Sequential Art,"Lumberjanes, Vol. 2: Friendship ...",£46.91
Sequential Art,"Lumberjanes, Vol. 1: Beware ...",£45.61
Sequential Art,Lumberjanes Vol. 3: A ...,£19.92
Sequential Art,"I Hate Fairyland, Vol. ...",£29.17
Sequential Art,I am a Hero ...,£54.63
Sequential Art,"Giant Days, Vol. 2 ...",£22.11
Sequential Art,Danganronpa Volume 1,£51.99
Sequential Art,"Codename Baboushka, Volume 1: ...",£36.72
Sequential Art,Camp Midnight,£17.08
Classics,The Secret Garden,£15.08
Classics,The Metamorphosis,£28.58
Classics,The Pilgrim's Progress,£50.26
Classics,The Hound of the ...,£14.82
Classics,Little Women (Little Women ...,£28.07
Classics,Gone with the Wind,£32.49
Classics,Candide,£58.63
Classics,Animal Farm,£57.22
Classics,Wuthering Heights,£17.73
Classics,The Picture of Dorian ...,£29.70
Classics,The Complete Stories and ...,£26.78
Classics,Beowulf,£38.35
Classics,And Then There Were ...,£35.01
Classics,The Story of Hong ...,£43.19
Classics,The Little Prince,£45.42
Classics,Sense and Sensibility,£37.46
Classics,Of Mice and Men,£47.11
Classics,Emma,£32.93
Classics,Alice in Wonderland (Alice's ...,£55.53
Philosophy,Sophie's World,£15.94
Philosophy,The Death of Humanity: ...,£58.11
Philosophy,The Stranger,£17.44
Philosophy,Proofs of God: Classical ...,£54.21
Philosophy,Kierkegaard: A Christian Missionary ...,£47.13
Philosophy,At The Existentialist Café: ...,£29.93
Philosophy,Critique of Pure Reason,£20.75
Philosophy,"Run, Spot, Run: The ...",£20.02
Philosophy,The Nicomachean Ethics,£36.34
Philosophy,Meditations,£25.89
Philosophy,Beyond Good and Evil,£43.38
Romance,Chase Me (Paris Nights ...,£25.27
Romance,Black Dust,£34.53
Romance,Her Backup Boyfriend (The ...,£33.97
Romance,First and First (Five ...,£15.97
Romance,Fifty Shades Darker (Fifty ...,£21.96
Romance,The Wedding Dress,£24.12
Romance,Suddenly in Love (Lake ...,£55.99
Romance,Something More Than This,£16.24
Romance,Doing It Over (Most ...,£35.61
Romance,The Wedding Pact (The ...,£32.61
Romance,Hold Your Breath (Search ...,£28.82
Romance,Dirty (Dive Bar #1),£40.83
Romance,Take Me Home Tonight ...,£53.98
Romance,Off the Hook (Fishing ...,£47.67
Romance,A Gentleman's Position (Society ...,£14.75
Romance,"Sit, Stay, Love",£20.90
Romance,A Girl's Guide to ...,£31.30
Romance,The Perfect Play (Play ...,£59.99
Romance,Dark Lover (Black Dagger ...,£12.87
Romance,Changing the Game (Play ...,£13.38
Womens Fiction,I Had a Nice ...,£57.36
Womens Fiction,Will You Won't You ...,£13.86
Womens Fiction,Keep Me Posted,£20.46
Womens Fiction,Grey (Fifty Shades #4),£48.49
Womens Fiction,Meternity,£43.58
Womens Fiction,Some Women,£13.73
Womens Fiction,Shopaholic Ties the Knot ...,£48.39
Womens Fiction,Can You Keep a ...,£21.94
Womens Fiction,Twenties Girl,£42.80
Womens Fiction,The Undomestic Goddess,£45.75
Womens Fiction,The Nanny Diaries (Nanny ...,£52.53
Womens Fiction,The Devil Wears Prada ...,£44.29
Womens Fiction,Something Borrowed (Darcy & ...,£48.96
Womens Fiction,Something Blue (Darcy & ...,£54.62
Womens Fiction,I've Got Your Number,£19.69
Womens Fiction,The Edge of Reason ...,£19.18
Womens Fiction,Bridget Jones's Diary (Bridget ...,£29.82
Fiction,Soumission,£50.10
Fiction,Private Paris (Private #10),£47.61
Fiction,"We Love You, Charlie ...",£50.27
Fiction,Thirst,£17.27
Fiction,The Murder That Never ...,£54.11
Fiction,Tuesday Nights in 1980,£21.04
Fiction,The Vacationers,£42.15
Fiction,The Regional Office Is ...,£51.36
Fiction,Finders Keepers (Bill Hodges ...,£53.53
Fiction,The Time Keeper,£27.88
Fiction,The Testament of Mary,£52.67
Fiction,The First Hostage (J.B. ...,£25.85
Fiction,Take Me with You,£45.21
Fiction,Still Life with Bread ...,£26.41
Fiction,Shtum,£55.84
Fiction,My Name Is Lucy ...,£41.56
Fiction,My Mrs. Brown,£24.48
Fiction,Mr. Mercedes (Bill Hodges ...,£28.90
Fiction,I Am Pilgrim (Pilgrim ...,£10.60
Fiction,Eligible (The Austen Project ...,£27.09
Childrens,Birdsong: A Story in ...,£54.64
Childrens,The Bear and the ...,£36.89
Childrens,The Secret of Dreadwillow ...,£56.13
Childrens,The White Cat and ...,£58.08
Childrens,Little Red,£13.47
Childrens,Walt Disney's Alice in ...,£12.96
Childrens,Twenty Yawns,£22.08
Childrens,Rain Fish,£23.57
Childrens,Once Was a Time,£18.28
Childrens,Luis Paints the World,£53.95
Childrens,Nap-a-Roo,£25.08
Childrens,The Whale,£35.96
Childrens,"Shrunken Treasures: Literary Classics, ...",£52.87
Childrens,Raymie Nightingale,£34.41
Childrens,Playing from the Heart,£32.38
Childrens,Maybe Something Beautiful: How ...,£22.54
Childrens,The Wild Robot,£56.07
Childrens,The Thing About Jellyfish,£48.77
Childrens,The Lonely Ones,£43.59
Childrens,The Day the Crayons ...,£26.33
Religion,Don't Be a Jerk: ...,£37.97
Religion,You Are What You ...,£21.87
Religion,God: The Most Unpleasant ...,£30.03
Religion,The Book of Mormon,£24.57
Religion,A History of God: ...,£27.62
Religion,The Bhagavad Gita,£57.49
Religion,Choosing Our Religion: The ...,£28.42
Nonfiction,Worlds Elsewhere: Journeys Around ...,£40.30
Nonfiction,The Five Love Languages: ...,£31.05
Nonfiction,Reasons to Stay Alive,£26.41
Nonfiction,#HigherSelfie: Wake Up Your ...,£23.11
Nonfiction,Unseen City: The Majesty ...,£44.18
Nonfiction,Throwing Rocks at the ...,£31.12
Nonfiction,The Life-Changing Magic of ...,£16.77
Nonfiction,The Gutsy Girl: Escapades ...,£37.13
Nonfiction,The Electric Pencil: Drawings ...,£56.06
Nonfiction,Spark Joy: An Illustrated ...,£41.83
Nonfiction,Reskilling America: Learning to ...,£19.83
Nonfiction,In the Country We ...,£22.00
Nonfiction,Everydata: The Misinformation Hidden ...,£54.35
Nonfiction,Call the Nurse: True ...,£29.14
Nonfiction,Algorithms to Live By: ...,£30.81
Nonfiction,The Power of Now: ...,£43.54
Nonfiction,The Omnivore's Dilemma: A ...,£38.21
Nonfiction,The Genius of Birds,£17.24
Nonfiction,The Artist's Way: A ...,£38.49
Nonfiction,So You've Been Publicly ...,£12.23
Music,Rip it Up and ...,£35.02
Music,Our Band Could Be ...,£57.25
Music,How Music Works,£37.32
Music,Love Is a Mix ...,£18.03
Music,Please Kill Me: The ...,£31.19
Music,Kill 'Em and Leave: ...,£45.05
Music,"Chronicles, Vol. 1",£52.60
Music,This Is Your Brain ...,£38.40
Music,Orchestra of Exiles: The ...,£12.36
Music,No One Here Gets ...,£20.02
Music,Life,£31.58
Music,Old Records Never Die: ...,£55.66
Music,Forever Rockers (The Rocker ...,£28.80
Default,The Coming Woman: A ...,£17.93
Default,The Boys in the ...,£22.60
Default,Starving Hearts (Triangular Trade ...,£13.99
Default,America's Cradle of Quarterbacks: ...,£22.50
Default,Aladdin and His Wonderful ...,£53.13
Default,Penny Maybe,£33.29
Default,Maude (1883-1993):She Grew Up ...,£18.02
Default,The Inefficiency Assassin: Time ...,£20.59
Default,Soul Reader,£39.58
Default,Bossypants,£49.46
Default,A World of Flavor: ...,£42.95
Default,"A Piece of Sky, ...",£56.76
Default,Tracing Numbers on a ...,£41.60
Default,Thirteen Reasons Why,£52.72
Default,The Secret (The Secret ...,£27.37
Default,The Psychopath Test: A ...,£36.00
Default,The Kite Runner,£41.82
Default,The Girl on the ...,£55.02
Default,The Emerald Mystery,£23.15
Default,The Bridge to Consciousness: ...,£32.00
Science Fiction,Mesaerion: The Best Science ...,£37.59
Science Fiction,Join,£35.67
Science Fiction,William Shakespeare's Star Wars: ...,£43.30
Science Fiction,The Project,£10.65
Science Fiction,Soft Apocalypse,£26.12
Science Fiction,Sleeping Giants (Themis Files ...,£48.74
Science Fiction,Arena,£21.36
Science Fiction,Foundation (Foundation (Publication Order) ...,£32.42
Science Fiction,The Restaurant at the ...,£10.92
Science Fiction,Ready Player One,£19.07
Science Fiction,"Life, the Universe and ...",£33.26
Science Fiction,Dune (Dune #1),£54.86
Science Fiction,Do Androids Dream of ...,£51.48
Science Fiction,Three Wishes (River of ...,£44.18
Science Fiction,The Last Girl (The ...,£36.26
Science Fiction,Having the Barbarian's Baby ...,£34.96
Sports and Games,The Book of Basketball: ...,£44.84
Sports and Games,Friday Night Lights: A ...,£51.22
Sports and Games,Sugar Rush (Offensive Line ...,£24.42
Sports and Games,Settling the Score (The ...,£44.91
Sports and Games,Icing (Aces Hockey #2),£40.44
Add a comment,The Torch Is Passed: ...,£19.09
Add a comment,The Mindfulness and Acceptance ...,£23.89
Add a comment,The Art Forger,£40.76
Add a comment,On a Midnight Clear,£14.07
Add a comment,Judo: Seven Steps to ...,£53.90
Add a comment,"Shobu Samurai, Project Aryoku ...",£29.06
Add a comment,Modern Romance,£28.26
Add a comment,The White Queen (The ...,£25.91
Add a comment,The Song of Achilles,£37.40
Add a comment,The Immortal Life of ...,£40.67
Add a comment,The Dovekeepers,£48.78
Add a comment,More Than Music (Chasing ...,£37.61
Add a comment,Code Name Verity (Code ...,£22.13
Add a comment,Cell,£20.29
Add a comment,Angels Walking (Angels Walking ...,£34.20
Add a comment,A Series of Catastrophes ...,£56.48
Add a comment,A People's History of ...,£40.79
Add a comment,A Brush of Wings ...,£55.51
Add a comment,Rook,£37.86
Add a comment,The Midnight Watch: A ...,£26.20
Fantasy,Unicorn Tracks,£18.78
Fantasy,"Saga, Volume 6 (Saga ...",£25.02
Fantasy,Princess Between Worlds (Wide-Awake ...,£13.34
Fantasy,Masks and Shadows,£56.40
Fantasy,Crown of Midnight (Throne ...,£43.29
Fantasy,Avatar: The Last Airbender: ...,£28.09
Fantasy,A Court of Thorns ...,£52.37
Fantasy,Throne of Glass (Throne ...,£35.07
Fantasy,The Glittering Court (The ...,£44.28
Fantasy,Hollow City (Miss Peregrine’s ...,£42.98
Fantasy,The Star-Touched Queen,£46.02
Fantasy,The Hidden Oracle (The ...,£52.26
Fantasy,The Bane Chronicles (The ...,£44.73
Fantasy,Island of Dragons (Unwanteds ...,£29.65
Fantasy,Demigods & Magicians: Percy ...,£37.51
Fantasy,City of Glass (The ...,£56.02
Fantasy,Searching for Meaning in ...,£38.73
Fantasy,The Star-Touched Queen,£32.30
Fantasy,A Shard of Ice ...,£56.63
Fantasy,King's Folly (The Kinsman ...,£39.61
New Adult,Without Borders (Wanderlove #1),£45.07
New Adult,The Mistake (Off-Campus #2),£43.29
New Adult,The Matchmaker's Playbook (Wingmen ...,£55.85
New Adult,The Hook Up (Game ...,£36.29
New Adult,Shameless,£58.35
New Adult,Off Sides (Off #1),£39.45
Young Adult,The Requiem Red,£22.65
Young Adult,Set Me Free,£17.46
Young Adult,The Natural History of ...,£45.22
Young Adult,Obsidian (Lux #1),£14.86
Young Adult,Burning,£28.81
Young Adult,A Fierce and Subtle ...,£28.13
Young Adult,Scarlett Epstein Hates It ...,£43.55
Young Adult,"Nightingale, Sing",£38.28
Young Adult,Library of Souls (Miss ...,£48.56
Young Adult,Frostbite (Vampire Academy #2),£29.99
Young Adult,Wild Swans,£14.36
Young Adult,Until Friday Night (The ...,£46.31
Young Adult,This Is Where It ...,£27.12
Young Adult,The Darkest Lie,£35.35
Young Adult,My Kind of Crazy,£40.36
Young Adult,Don't Get Caught,£55.35
Young Adult,Catching Jordan (Hundred Oaks),£50.83
Young Adult,Aristotle and Dante Discover ...,£58.14
Young Adult,The Epidemic (The Program ...,£14.44
Young Adult,Stars Above (The Lunar ...,£48.05
Science,The Most Perfect Thing: ...,£42.96
Science,Immunity: How Elie Metchnikoff ...,£57.36
Science,Sorting the Beef from ...,£44.74
Science,Tipping Point for Planet ...,£37.55
Science,The Fabric of the ...,£55.91
Science,Diary of a Citizen ...,£28.41
Science,The Origin of Species,£10.01
Science,The Grand Design,£13.76
Science,Peak: Secrets from the ...,£16.28
Science,"The Elegant Universe: Superstrings, ...",£13.03
Science,The Disappearing Spoon: And ...,£57.35
Science,"Surely You're Joking, Mr. ...",£25.83
Science,Seven Brief Lessons on ...,£30.60
Science,The Selfish Gene,£29.45
Poetry,A Light in the ...,£51.77
Poetry,The Black Maria,£52.15
Poetry,Shakespeare's Sonnets,£20.66
Poetry,Olio,£23.88
Poetry,You can't bury them ...,£33.63
Poetry,Slow States of Collapse: ...,£57.31
Poetry,Untitled Collection: Sabbath Poems ...,£14.27
Poetry,Poems That Make Grown ...,£14.19
Poetry,Night Sky with Exit ...,£41.05
Poetry,salt.,£46.78
Poetry,Quarter Life Poetry: Poems ...,£50.89
Poetry,Out of Print: City ...,£53.64
Poetry,Les Fleurs du Mal,£29.04
Poetry,Howl and Other Poems,£40.45
Poetry,Leave This Song Behind: ...,£51.17
Poetry,The Collected Poems of ...,£15.42
Poetry,The Crossover,£38.77
Poetry,Booked,£17.49
Poetry,Twenty Love Poems and ...,£30.95
Paranormal,"Vampire Knight, Vol. 1 ...",£15.40
Art,Wall and Piece,£44.18
Art,Feathers: Displays of Brilliant ...,£49.05
Art,Art and Fear: Observations ...,£48.63
Art,The New Drawing on ...,£43.02
Art,History of Beauty,£10.29
Art,The Story of Art,£41.14
Art,The Art Book,£32.34
Art,Ways of Seeing,£39.51
Psychology,The Lucifer Effect: Understanding ...,£10.40
Psychology,The Golden Condom: And ...,£39.43
Psychology,It Didn't Start with ...,£56.27
Psychology,An Unquiet Mind: A ...,£21.30
Psychology,"Thinking, Fast and Slow",£21.14
Psychology,Civilization and Its Discontents,£59.95
Psychology,8 Keys to Mental ...,£31.04
Autobiography,The Argonauts,£10.93
Autobiography,M Train,£27.18
Autobiography,Lab Girl,£40.85
Autobiography,Approval Junkie: Adventures in ...,£58.81
Autobiography,Running with Scissors,£12.91
Autobiography,Me Talk Pretty One ...,£57.60
Autobiography,Lust & Wonder,£11.87
Autobiography,Life Without a Recipe,£59.04
Autobiography,A Heartbreaking Work of ...,£54.29
Parenting,Catastrophic Happiness: Finding Joy ...,£37.35
Adult Fiction,Fifty Shades Freed (Fifty ...,£15.36
Humor,The Long Haul (Diary ...,£44.07
Humor,Old School (Diary of ...,£11.83
Humor,I Know What I'm ...,£25.98
Humor,Hyperbole and a Half: ...,£14.75
Humor,Dress Your Family in ...,£43.68
Humor,Toddlers Are A**holes: It's ...,£25.55
Humor,When You Are Engulfed ...,£30.89
Humor,Naked,£31.69
Humor,Lamb: The Gospel According ...,£55.50
Humor,Holidays on Ice,£51.07
Horror,Security,£39.25
Horror,Follow You Home,£21.36
Horror,The Loney,£23.40
Horror,Pet Sematary,£10.56
Horror,Doctor Sleep (The Shining ...,£40.12
Horror,Psycho: Sanitarium (Psycho #1.5),£36.97
Horror,Can You Keep a ...,£48.64
Horror,Red Dragon (Hannibal Lecter ...,£23.37
Horror,Dracula the Un-Dead,£35.63
Horror,Night Shift (Night Shift ...,£12.75
Horror,Needful Things,£47.51
Horror,Misery,£34.79
Horror,It,£25.01
Horror,'Salem's Lot,£49.56
Horror,The Stand,£57.86
Horror,The Girl with All ...,£49.47
Horror,House of Leaves,£54.89
History,Sapiens: A Brief History ...,£54.23
History,Unbound: How Eight Technologies ...,£25.52
History,The Age of Genius: ...,£19.73
History,"Political Suicide: Missteps, Peccadilloes, ...",£36.28
History,Thomas Jefferson and the ...,£59.64
History,Zealot: The Life and ...,£24.70
History,A Distant Mirror: The ...,£14.58
History,1491: New Revelations of ...,£21.80
History,Brilliant Beacons: A History ...,£11.45
History,"""Most Blessed of the ...",£44.48
History,A Short History of ...,£52.40
History,The Rise and Fall ...,£39.67
History,Catherine the Great: Portrait ...,£58.55
History,The Mathews Men: Seven ...,£42.91
History,The Hiding Place,£55.91
History,America's War for the ...,£51.22
History,The Guns of August,£14.54
History,House of Lost Worlds: ...,£43.70
Food and Drink,Foolproof Preserving: A Guide ...,£30.52
Food and Drink,The Pioneer Woman Cooks: ...,£56.41
Food and Drink,My Paris Kitchen: Recipes ...,£33.37
Food and Drink,Mama Tried: Traditional Italian ...,£14.02
Food and Drink,"Layered: Baking, Building, and ...",£40.11
Food and Drink,The Nerdy Nummies Cookbook: ...,£37.34
Food and Drink,The Love and Lemons ...,£37.60
Food and Drink,The Cookies & Cups ...,£41.25
Food and Drink,Deliciously Ella Every Day: ...,£42.16
Food and Drink,The Help Yourself Cookbook ...,£28.77
Food and Drink,"It's All Easy: Healthy, ...",£19.55
Food and Drink,Barefoot Contessa Back to ...,£28.01
Food and Drink,Barefoot Contessa at Home: ...,£50.62
Food and Drink,My Kitchen Year: 136 ...,£11.53
Food and Drink,Everyday Italian: 125 Simple ...,£20.10
Food and Drink,A la Mode: 120 ...,£38.77
Food and Drink,Cravings: Recipes for What ...,£20.50
Food and Drink,The Moosewood Cookbook: Recipes ...,£12.34
Food and Drink,32 Yolks,£53.63
Food and Drink,Naturally Lean: 125 Nourishing ...,£11.38
Christian Fiction,Redeeming Love,£20.47
Christian Fiction,Close to You,£49.46
Christian Fiction,Shadows of the Past ...,£39.67
Christian Fiction,Like Never Before (Walker ...,£28.77
Christian Fiction,Counted With the Stars ...,£17.97
Christian Fiction,If I Run (If ...,£49.97
Business,The Dirty Little Secrets ...,£33.34
Business,The Third Wave: An ...,£12.61
Business,The 10% Entrepreneur: Live ...,£27.55
Business,Shoe Dog: A Memoir ...,£23.99
Business,Made to Stick: Why ...,£38.85
Business,Quench Your Own Thirst: ...,£43.14
Business,The Art of Startup ...,£21.00
Business,Born for This: How ...,£21.59
Business,The E-Myth Revisited: Why ...,£36.91
Business,"Rich Dad, Poor Dad",£51.74
Business,The Lean Startup: How ...,£33.92
Business,Rework,£44.88
Biography,Louisa: The Extraordinary Life ...,£16.85
Biography,Setting the World on ...,£21.15
Biography,The Faith of Christopher ...,£39.55
Biography,Benjamin Franklin: An American ...,£48.19
Biography,The Rise of Theodore ...,£42.57
Thriller,In Her Wake,£12.84
Thriller,The Elephant Tree,£23.82
Thriller,Behind Closed Doors,£52.22
Thriller,You (You #1),£43.61
Thriller,The Guilty (Will Robie ...,£13.82
Thriller,The 14th Colony (Cotton ...,£39.24
Thriller,Give It Back,£18.32
Thriller,Killing Floor (Jack Reacher ...,£31.49
Thriller,The Bone Hunters (Lexy ...,£59.71
Thriller,Far From True (Promise ...,£34.93
Thriller,The Travelers,£15.77
Contemporary,When We Collided,£31.77
Contemporary,Someone Like You (The ...,£52.79
Contemporary,We Are All Completely ...,£24.04
Spirituality,The Four Agreements: A ...,£17.66
Spirituality,The Activist's Tao Te ...,£32.24
Spirituality,Chasing Heaven: What Dying ...,£37.80
Spirituality,If I Gave You ...,£20.91
Spirituality,Unreasonable Hope: Finding Faith ...,£46.33
Spirituality,A New Earth: Awakening ...,£55.65
Academic,Logan Kade (Fallen Crest ...,£13.12
Self Help,Online Marketing for Busy ...,£46.35
Self Help,How to Be Miserable: ...,£46.03
Self Help,"Overload: How to Unplug, ...",£52.15
Self Help,You Are a Badass: ...,£12.08
Self Help,How to Stop Worrying ...,£46.49
Historical,All the Light We ...,£29.87
Historical,The Girl You Left ...,£15.79
Christian,(Un)Qualified: How God Uses ...,£54.00
Christian,Crazy Love: Overwhelmed by ...,£47.72
Christian,Blue Like Jazz: Nonreligious ...,£25.77
Suspense,Silence in the Dark ...,£58.33
Short Stories,The Grownup,£35.88
Novels,Suzie Snowflake: One beautiful ...,£54.81
Health,The Bulletproof Diet: Lose ...,£49.05
Health,"Eat Fat, Get Thin",£54.07
Health,10-Day Green Smoothie Cleanse: ...,£49.71
Health,The Art and Science ...,£52.98
Politics,Libertarianism for Beginners,£51.33
Politics,Why the Right Went ...,£52.65
Politics,Equal Is Unfair: America's ...,£56.86
Cultural,Amid the Chaos,£36.58
Erotica,Dark Notes,£19.19
Crime,The Long Shadow of ...,£10.97
